﻿Год,Реальные располагаемые денежные доходы населения,Внешнеторговый оборот,Численность постоянного населения,Инвестиции в основной капитал,Ввод в эксплуатацию жилых домов,Оборот розничной торговли,Объем платных услуг населению,Фонд заработной платы,"Численность безработных, зарегистрированных в службах занятости",Уровень зарегистрированной безработицы (к численности экономически активного населения)
2010,100.0,1305.0,679.8,19600,150.0,73500,24500,68900,12.6,3.3
2011,101.0,1527.0,677.7,27450,145.0,71400,21800,66200,12.7,3.39
2012,102.0,1995.0,633.5,38610,240.0,89600,24500,72760,9.9,2.66
2013,103.0,2070.0,633.1,44420,299.1,100000,31700,85400,8.2,2.3
2014,102.0,1440.0,631.4,47400,225.0,111000,32600,96500,7.5,2.27
2015,,1513.0,628.2,43890,238.0,116000,35400,90100,6.9,2.213223010253906
2016,,1079.8,623.9,43750,252.0,112000,39700,91300,7.5,2.33
2017,,865.0,622.3,44560,260.0,127200,37600,90600,7.8,2.414860681114551
2018,,1067.7,619.0,47300,280.0,124800,36600,89700,6.875,2.1344303011487114
2019,,2015.0,611.3,53500,260.0,136700,40700,102000,5.9,1.93
2020,,2145.0,606.4,51100,292.0,151000,43800,112400,6.2,1.995494045703251
